location,rooms,total_listings,latitude,longitude
Ablon sur seine (94480),53 chambres,2,48.7247785,2.4216096
Acheres (78260),3 chambres,1,47.2774561,2.4491821
Adainville (78113),"4 chambres,1 salle de bain",1,48.7223394,1.6514132
Alfortville (94140),"32 chambres,Type  cuisine : Cuisine séparée équipée3 chambres2 chambres1 chambre3 chambres1 chambre1 chambre",10,48.8051624,2.4197113
Andilly (95580),1 chambre,1,48.7662318,5.881351
Andrésy (78570),"2 chambres,1 salle d'eau",1,48.9821445,2.0610573
Angerville (91670),3 chambres4 chambres,2,49.2430262,-0.0328008
Antony (92160),"7442 chambres,Type  cuisine : Cuisine américaine,1 salle de bain3 chambres3 chambres3 chambres1 chambre2 chambres2 chambres,1 salle de bain6 chambres",12,48.753613,2.2958034
Arcueil (94110),3 chambres,1,48.8064996,2.3366502
Argenteuil (95100),"742 chambres,2 salles de bain5 chambres3 chambres3 chambres3 chambres2 chambres3 chambres5 chambres3 chambres,1 salle de bain2 chambres,1 salle de bain2 chambres",13,48.9479069,2.2481797
Arnouville (95400),2 chambres,1,48.9892126,2.4202824
Arnouville les gonesse (95400),1 salle d'eau,1,48.9892126,2.4202824
Arpajon (91290),"41 chambre3 chambres,Type  cuisine : Cuisine américaine,1 salle de bain,1 salle d'eau2 chambres,Type  cuisine : Cuisine indépendante,1 salle d'eau,Cheminée2 chambres",5,44.9034428,2.4570176
Arronville (95810),"3 chambres,1 salle d'eau",1,49.180049,2.1118399
Asnieres sur seine (92600),2 chambres1 chambre3 chambres1 chambre1 chambre,5,48.9105948,2.2890454
Asnieres-sur-seine (92600),1 chambre,1,48.9105948,2.2890454
Asnières-sur-seine (92600),3 chambres2 chambres3 chambres1 salle de bain,5,48.9105948,2.2890454
Athis mons (91200),"42 chambres2 chambres,1 salle de bain,1 toilettes séparées4 chambres",4,48.7079878,2.3888044
Athis-mons (91200),2 chambres,1,48.7079878,2.3888044
Attainville (95570),3 chambres,1,49.0578463,2.3446221
Aubergenville (78410),2 chambres3 chambres5 chambres,3,48.9591392,1.8554319
Aubervilliers (93300),2 chambres2 chambres2 chambres1 chambre2 chambres,6,48.9146078,2.3821895
Auffreville brasseuil (78930),3 chambres,1,48.9548027,1.7102362
Aulnay sous bois (93600),3 chambres2 chambres1 chambre2 chambres3 chambres,5,48.934231,2.499789
Aulnay-sous-bois (93600),"2 chambres3 chambres,Type  cuisine : Cuisine indépendante2 chambres1 chambre5 chambres",5,48.934231,2.499789
Auteuil (78770),"4 chambres,Type  cuisine : Cuisine américaine",1,49.3417561,2.0882337
Auvers-sur-oise (95430),4 chambres,1,49.0704318,2.1717936
Avon (77210),"32 chambres,Type  cuisine : Coin Cuisine",2,48.4048867,2.7207225
Avrainville (91630),3,1,48.7733732,5.9384012
Bagnolet (93170),"3 chambres,1 salle de bain,2 salles d'eau2 chambres",2,48.8688199,2.4173658
Baillet en france (95560),"4 chambres,1 salle de bain,1 salle d'eau",1,49.0632853,2.3064425
Bailly-romainvilliers (77700),"2 chambres,Type  cuisine : Cuisine américaine",1,48.8468159,2.8212923
Ballainvilliers (91160),43 chambres5 chambres,3,48.6752123,2.2944783
Ballancourt sur essonne (91610),3 chambres,1,48.5262129,2.3858373
Ballancourt- sur-essonne (91610),"5 chambres,Type  cuisine : Cuisine américaine",1,48.5262129,2.3858373
Beaumont sur oise (95260),53 chambres,2,49.1419322,2.2849324
Bennecourt (78270),"4 chambres,2 salles de bain,1 salle d'eau",1,49.0398776,1.5617924
Beton-bazoches (77320),5 chambres,1,48.701738,3.2444338
Beynes (78650),"1 salle d'eau4 chambres,1 salle de bain",2,48.8558793,1.8735151
Bezons (95870),321 chambre,4,48.9250016,2.2105491
Blennes (77940),5 chambres,1,48.2576831,3.023088
Bobigny (93000),"3 chambres,1 salle de bain2 chambres",2,48.906387,2.4452231
Bois-d'arcy (78390),2 chambres,1,47.5475818,3.7165618
Boissy saint leger (94470),0,1,48.7479193,2.5124717
Boissy-sous-saint-yon (91790),"51 chambre,Type  cuisine : Cuisine équipée",2,48.5486852,2.2124998
Bondy (93140),3 chambres,1,48.9031,2.48291
Bonneuil-sur-marne (94380),2 chambres,1,48.7737116,2.4869009
Bonnieres sur seine (78270),"3 chambres,1 salle de bain1 chambre",2,49.037481,1.5809775
Bonnières-sur-seine (78270),2 chambres,1,49.037481,1.5809775
Bouafle (78410),4 chambres5 chambres,2,48.9644944,1.9001777
Boulogne billancourt (92100),"4 chambres3 chambres2 chambres,1 toilettes séparées1 chambre,1 salle de bain4 chambres1 chambre3 chambres",7,48.8356649,2.240206
Boulogne-billancourt (92100),"2 chambres1 chambre,Type  cuisine : Cuisine américaine2 chambres3 chambresIndépendante,Séjour séparé : Oui,2 chambres,1 salle de bain,1 salle d'eau,1 WC,1 placard",6,48.8356649,2.240206
Bouray sur juine (91850),5 chambres4 chambres,2,48.5207694,2.299413
Bourdonne (78113),"3 chambres,1 salle de bain",1,48.756819,1.6644208
Bourg-la-reine (92340),2 chambres2 chambres,2,48.7795178,2.316085
Boussy saint antoine (91800),3 chambres,1,48.6887478,2.5299905
Bransles (77620),"2 chambres,Cheminée5 chambres,2 salles de bain,3 toilettes séparées",2,48.1528145,2.8343059
Bray sur seine (77480),4,1,48.4149956,3.2394035
Bray-sur-seine (77480),1 chambre,1,48.4149956,3.2394035
Bretigny sur orge (91220),1 chambre,1,48.6099887,2.3075288
Bretigny-sur-orge (91220),2 chambres,1,48.6099887,2.3075288
Breuillet (91650),3 chambres,1,45.6938702,-1.0503893
Breval (78980),7 chambres,1,48.9447453,1.5331842
Brie-comte-robert (77170),2 chambres,1,48.6904522,2.6166737
Briis sous forges (91640),6 chambres,1,48.6246916,2.1243349
Brunoy (91800),"3 chambres,Cheminée",1,48.6979312,2.5044613
Bruyères-le-châtel (91680),2,1,48.5922609,2.1909499
Bry-sur-marne (94360),2 chambres,1,48.8352872,2.5193322
Brétigny-sur-orge (91220),"1 chambre,Type  cuisine : Cuisine séparée équipée",1,48.6099887,2.3075288
Bullion (78830),"6 chambres,Type  cuisine : Cuisine séparée équipée,Cheminée",1,48.6221663,1.9945126
Bussy saint georges (77600),44 chambres4 chambres4 chambres5 chambres,5,48.8389953,2.7171086
Bussy-saint-georges (77600),6,2,48.8389953,2.7171086
Cannes ecluse (77130),4 chambres,1,48.3641051,2.9920342
Cannes-Écluse (77130),7 chambres,2,48.3641051,2.9920342
Carrieres sur seine (78420),3 chambres,1,48.9134112,2.1779083
Carrieres-sous-poissy (78955),3 chambres3 chambres,2,48.9437694,2.0341747
Carrieres-sur-seine (78420),2 chambres,1,48.9134112,2.1779083
Carrières-sous-poissy (78955),2 chambres,1,48.9437694,2.0341747
Carrières-sur-seine (78420),1 salle de bain,1,48.9134112,2.1779083
Cergy (95000),2 chambres2 chambres4 chambres1 chambre2 chambres3 chambres,6,49.0527528,2.0388736
Cergy (95800),32 chambres3 chambres1 chambre1 chambre2 chambres,6,49.0527528,2.0388736
Cernay-la-ville (78720),3 chambres3 chambres,2,48.6731134,1.974341
Cerny (91590),0,1,48.4762984,2.3296911
Cesson (77240),"4 chambres,Type  cuisine : Cuisine indépendante,Cheminée",1,48.5624381,2.6021145
Chalifert (77144),1 chambre,1,48.8896421,2.7725465
Champagne sur seine (77430),"3 chambres,Type  cuisine : Cuisine indépendante,Cheminée",1,48.3948577,2.8028617
Champagne-sur-seine (77430),2 chambres,1,48.3948577,2.8028617
Champigny sur marne (94500),2 chambres4 chambres,2,48.8137847,2.510611
Champigny-sur-marne (94500),4 chambres3 chambres,2,48.8137847,2.510611
Champs sur marne (77420),4 chambres,1,48.8526892,2.6027219
Champs-sur-marne (77420),"2 chambres,Type  cuisine : Cuisine américaine",1,48.8526892,2.6027219
Chanteloup-les-vignes (78570),"4 chambres,Type  cuisine : Cuisine séparée équipée,Cheminée1 chambre,Type  cuisine : Cuisine équipée",2,48.9784414,2.0302362
Charenton le pont (94220),2 chambres2 chambres1 chambre3 chambres,4,48.8198479,2.4159508
Charenton-le-pont (94220),"1 chambre,1 salle de bain",1,48.8198479,2.4159508
Chars (95750),0,1,49.1604049,1.9367877
Chatenay malabry (92290),1 chambre,2,48.7670404,2.2775316
Chatenay-malabry (92290),4 chambres,2,48.7670404,2.2775316
Chatou (78400),51 chambre3 chambres,4,48.8897044,2.1573695
Chaumes en brie (77390),1 chambre2 chambres3 chambres,3,48.6647753,2.842398
Chaumes-en-brie (77390),"3 chambres,Type  cuisine : Cuisine indépendante,Cheminée",1,48.6647753,2.842398
Chavenay (78450),353 chambres,3,48.8533873,1.9876695
Chaville (92370),4 chambres,1,48.8086297,2.1882897
Chelles (77500),54 chambres2 chambres,3,49.3549458,3.0344372
Chennevieres sur marne (94430),2 chambres,1,48.7965001,2.530442
ChenneviÈres-sur-marne (94430),3 chambres,1,48.7965001,2.530442
Chenoise (77160),0,1,48.6172325,3.186276
Chessy (77700),2 chambres4 chambres,2,48.8798792,2.7658363
Chevilly-larue (94550),4 chambres3 chambres,2,48.7714153,2.3469255
Chilly-mazarin (91380),"32 chambres,Type  cuisine : Cuisine indépendante3 chambres",3,48.7026161,2.3123582
Choisy le roi (94600),3 chambres3 chambres5 chambres3 chambres,4,48.7630238,2.4093664
Choisy-le-roi (94600),3,1,48.7630238,2.4093664
Châtenay-malabry (92290),2 chambres,1,48.7670404,2.2775316
Clamart (92140),"2 chambres7 chambres4 chambres3 chambres,Type  cuisine : Cuisine américaine,1 salle de bain2 chambres1 chambre2 chambres1 chambre3 chambres",9,48.8003835,2.2630238
Claye souilly (77410),4 chambres5 chambres,2,48.9460871,2.6883703
Claye-souilly (77410),0,1,48.9460871,2.6883703
Clichy (92110),1 chambre3 chambres,2,48.9026,2.30551
Clichy-sous-bois (93390),3 chambres,1,48.910939,2.5460722
Collegien (77090),2 chambres2 chambres,2,48.8362114,2.673176
Colombes (92700),"42 chambres,Type  cuisine : Cuisine séparée équipée2 chambres,Type  cuisine : Cuisine séparée équipée3 chambres2 chambres2 chambres3 chambres",7,48.9227298,2.2543631
Combs-la-ville (77380),2 chambres,1,48.6646994,2.564877
Condé-sur-vesgre (78113),4 chambres,1,48.7417887,1.6621733
Conflans-sainte-honorine (78700),"2 chambres,Type  cuisine : Cuisine indépendante3 chambres2 chambres,Type  cuisine : Cuisine indépendante,1 salle de bain,1 toilettes séparées,1 niveau",3,48.9938791,2.0949768
Corbeil essonnes (91100),"2 chambres3 chambres,1 salle de bain,1 toilettes séparées4 chambres3 chambres",4,48.6137734,2.4818087
Corbeil-essonnes (91100),"32341 chambre1 chambre,1 salle d'eau",6,48.6137734,2.4818087
Cormeilles en parisis (95240),"2 chambres,1 salle de bain1 chambre,1 salle de bain",2,48.9759637,2.1998877
Cormeilles-en-parisis (95240),"2,Séjour séparé : Non,Salle à manger : Non,3 chambres,1 bureau,2 salles de bain,2 salles d'eau,2 WC",2,48.9759637,2.1998877
Coubert (77170),"3 chambres,Type  cuisine : Cuisine séparée équipée,1 salle d'eau",1,48.6726066,2.6954544
Coubron (93470),4 chambres,1,48.9166,2.57922
Coulommiers (77120),4 chambres2 chambres2 chambres,3,48.8121301,3.0843818
Courbevoie (92400),3 chambres2 chambres1 chambre3 chambres,5,48.8953328,2.2561602
Courdimanche (95800),"5 chambres,2 salles de bain",1,49.0354894,1.999555
Courtry (77181),5 chambres,1,48.9156784,2.602362
Creteil (94000),2 chambres3 chambres1 chambre2 chambres2 chambres,5,48.7771486,2.4530731
Crouy-sur-ourcq (77840),0,1,49.0906177,3.0753978
Créteil (94000),62 chambres2 chambres,3,48.7771486,2.4530731
Dammartin en goele (77230),2 chambres,1,49.0547758,2.6835682
Darvault (77140),233,3,48.270741,2.7351364
Domont (95330),53 chambres3 chambres4 chambres2 chambres3 chambres,6,49.0285536,2.3278097
Donnemarie dontilly (77520),0,1,48.4784615,3.1329223
Donnemarie-dontilly (77520),"4 chambres,1 salle de bain,1 salle d'eau,Cheminée3 chambres,1 salle de bain,1 salle d'eau,Cheminée",2,48.4784615,3.1329223
Dourdan (91410),343 chambres3 chambres,4,48.5288442,2.0153689
Drancy (93700),"3 chambres,Type  cuisine : Cuisine indépendante,Cheminée3 chambres,Type  cuisine : Cuisine indépendante,Cheminée3 chambres3 chambres,1 salle de bain,2 toilettes séparées1 chambre5 chambres2 chambres2 chambres2 chambres",10,48.9229803,2.4455201
Draveil (91210),4 chambres1 chambre,2,48.6851514,2.4083576
Drocourt (78440),"3 chambres,1 salle de bain,1 salle d'eau",1,50.3922158,2.9246358
Dugny (93440),5,1,48.9538155,2.414733
Eaubonne (95600),"5 chambres,Cheminée2 chambres,Type  cuisine : Cuisine indépendante2 chambres4 chambres2 chambres,4.06 salles d'eau4 chambres,Type  cuisine : Cuisine séparée équipée,2 salles d'eau",6,48.9911296,2.2792058
Ecquevilly (78920),"2 chambres,1 salle d'eau",1,48.9510622,1.9226814
Elancourt (78990),32 chambres,2,48.7681182,1.949352
Emerainville (77184),2 chambres4 chambres,2,48.8115813,2.6212919
Enghien-les-bains (95880),2 chambres,1,48.9699732,2.3068482
Epone (78680),4 chambres3 chambres4 chambres4 chambres,4,48.9573716,1.8126696
Eragny (95610),1 chambre,1,49.0192178,2.0910817
Esbly (77450),8,1,48.9009645,2.8130733
Esmans (77940),"4 chambres,Type  cuisine : Cuisine indépendante,Cheminée",1,48.3481392,2.9761408
Etampes (91150),5 chambres5 chambres1 chambre2 chambres,4,48.4344621,2.1614464
Feucherolles (78810),4 chambres,1,48.8725969,1.9723953
Flins sur seine (78410),4 chambres,1,48.9623407,1.8684146
Fontaine la riviere (91690),2 chambres,1,48.357834,2.1540757
Fontainebleau (77300),3 chambres,2,48.4049375,2.7015872
Fontenay aux roses (92260),2 chambres1 chambre3 chambres1 chambre2 chambres1 chambre1 chambre,7,48.7911052,2.2870373
Fontenay sous bois (94120),2 chambres3 chambres1 chambre2 chambres1 chambre3 chambres2 chambres,7,48.8490721,2.4749347
Fontenay tresigny (77610),3 chambres,1,48.7100369,2.8722456
Fontenay-les-briis (91640),1 chambre,1,48.61939,2.15475
Fontenay-sous-bois (94120),"4 chambres2 chambres,Type  cuisine : Cuisine séparée équipée",2,48.8490721,2.4749347
Fontenay-trésigny (77610),"1 chambre,1 salle de bain",1,48.7100369,2.8722456
Franconville (95130),544,3,48.5000906,6.4527267
Freneuse (78840),3 chambres,1,49.3122251,1.0785477
Frepillon (95740),"5 chambres,1 salle de bain,1 salle d'eau",1,49.0512302,2.2032431
Fresnes (94260),1 chambre1 chambre,3,49.5544444,3.3705556
Gambais (78950),"4 chambres,2 salles de bain,2 toilettes séparées",1,48.7746509,1.6726872
Garches (92380),"3 chambres3 chambres,Type  cuisine : Cuisine indépendante2 chambres,Type  cuisine : Cuisine indépendante",3,48.8437486,2.1853699
Garges les gonesse (95140),0,1,48.9703841,2.399024
Gennevilliers (92230),1 chambre3 chambres3 chambres,3,48.9254221,2.2940122
Gif sur yvette (91190),3 chambres,1,48.7018823,2.134529
Gif-sur-yvette (91190),"4 chambres4 chambres,Cheminée2 chambres,Type  cuisine : Cuisine séparée équipée",3,48.7018823,2.134529
Gironville-sur-essonne (91720),4 chambres,1,48.3729686,2.3788223
Gometz la ville (91400),2 chambres,1,48.6718036,2.1250543
Gommecourt (78270),2 chambres,1,50.1401187,2.6441058
Gournay-sur-marne (93460),4 chambres,1,48.8598434,2.576913
Goussainville (95190),"21 chambre,Type  cuisine : Cuisine américaine,Cheminée4 chambres",3,49.0323168,2.4733628
Goussonville (78930),"Type  cuisine : Coin Cuisine,1 salle de bain",1,48.9195516,1.7669261
Gouvernes (77400),5 chambres,1,48.8598385,2.6927897
Grigny (91350),2 chambres2 chambres,2,50.3856239,2.065831
Grisy les platres (95810),3 chambres4 chambres4 chambres,3,49.130876,2.0499726
Grisy-suisnes (77166),4 chambres,1,48.6851555,2.6654299
Groslay (95410),1 chambre,1,48.9867112,2.3458615
Guerard (77580),3 chambres,1,48.8239829,2.9580234
Guerville (78930),"5 chambres,1 salle de bain",1,49.95814,1.5129
Guignes (77390),"43 chambres,Type  cuisine : Cuisine indépendante",2,48.6354878,2.7954418
Guyancourt (78280),"2 chambres,Type  cuisine : Cuisine américaine,1 salle de bain,1 toilettes séparées3 chambres,Type  cuisine : Cuisine indépendante",2,48.7709414,2.0706084
Herblay sur seine (95220),4 chambres,1,48.9898588,2.166162
Herblay-sur-seine (95220),4 chambres,1,48.9898588,2.166162
Houdan (78550),4 chambres4 chambres3 chambres4 chambres3 chambres4 chambres,6,48.7912001,1.6019247
Issy les moulineaux (92130),33 chambres3 chambres3 chambres2 chambres1 chambre2 chambres1 chambre,8,48.8250508,2.273457
Issy-les-moulineaux (92130),3 chambres,1,48.8250508,2.273457
Issy-les-moulineaux (h... (92130),"3 chambres,1 salle de bain,1 salle d'eau",1,48.8250508,2.273457
Itteville (91760),4 chambres,1,48.5145073,2.3418427
Ivry sur seine (94200),1 chambre,1,48.8122302,2.3872525
Ivry-sur-seine (94200),"1 chambre,1 salle de bain2 chambres",2,48.8122302,2.3872525
Janvry (91640),4 chambres,1,49.2459051,3.8767333
Joinville le pont (94340),3 chambres,1,48.8183717,2.4668077
Jouars-pontchartrain (78760),3 chambres,1,48.8031144,1.9001795
Jouy en josas (78350),10 chambres2 chambres,2,48.76464,2.1684529
Jouy-le-moutier (95280),4 chambres,1,49.0116,2.03194
Juvisy sur orge (91260),6 chambres,1,48.6904063,2.373809
Juziers (78820),43,2,48.9930105,1.8457137
L hay les roses (94240),2 chambres,1,48.7790514,2.3373021
L isle adam (95290),6,1,49.1125294,2.2186324
L' etang-la-ville (78620),5 chambres5 chambres5 chambres5 chambres,4,48.8707694,2.0726292
L'haÿ-les-roses (94240),2 chambres,1,48.7790514,2.3373021
L'isle adam (95290),"3 chambres,Type  cuisine : Cuisine séparée équipée,2 salles d'eau",1,49.1125294,2.2186324
La celle saint cloud (78170),2 chambres,1,48.8478753,2.136145
La chapelle gauthier (77720),4 chambres,1,48.9863454,0.4622286
La chapelle-gauthier (77720),3 chambres3 chambres,2,48.9863454,0.4622286
La croix en brie (77370),4 chambres,1,48.5916035,3.0734585
La falaise (78410),4 chambres,1,48.9445736,1.8324087
La ferte sous jouarre (77260),55 chambres,2,48.9502287,3.1296757
La ferte-sous-jouarre (77260),4 chambres2 chambres3 chambres1 chambre,4,48.9502287,3.1296757
La ferté-gaucher (77320),"3 chambres,Type  cuisine : Cuisine équipée4 chambres",2,48.7812807,3.305711
La ferté-sous-jouarre (77260),"3 chambres3 chambres4 chambres3 chambres2 chambres,Type  cuisine : Cuisine indépendante",6,48.9502287,3.1296757
La garenne colombes (92250),1 chambre,1,48.9069349,2.2465748
La grande-paroisse (77130),6,1,48.3860553,2.9009239
La queue-en-brie (94510),6,1,48.7903338,2.5749323
La rochette (77000),1 chambre,1,48.5045038,2.662899
La ville-du-bois (91620),"2 chambres1 chambre,Type  cuisine : Cuisine américaine,1 salle d'eau1 chambre",3,48.6610752,2.2687891
Lagny-sur-marne (77400),"3 chambres,Type  cuisine : Cuisine américaine4 chambres3 chambres4 chambres,Type  cuisine : Cuisine séparée équipée",4,48.8773018,2.7056056
Lardy (91510),3 chambres4 chambres,2,48.5204818,2.2654419
Le blanc mesnil (93150),1 chambre1 chambre,2,48.9385489,2.4631476
Le bourget (93350),"2 chambres,1 salle d'eau1 chambre,1 salle de bain",2,48.9351403,2.4258354
Le chesnay (78150),"2 chambres,Type  cuisine : Cuisine indépendante1 chambre1 chambre3 chambres",4,48.8264842,2.1257808
Le chesnay rocquencourt (78150),3 chambres,1,48.829839,2.1217888
Le kremlin bicetre (94270),3 chambres2 chambres,2,48.8125893,2.3570028
Le mee-sur-seine (77350),3,1,48.5381859,2.6335912
Le mée-sur-seine (77350),"4 chambres,Type  cuisine : Cuisine indépendante3 chambres",2,48.5381859,2.6335912
Le pecq (78230),3 chambres1 chambre2 chambres4 chambres,4,48.8972505,2.1066273
Le perray-en-yvelines (78610),5 chambres,1,48.6924665,1.8538535
Le perreux sur marne (94170),343 chambres3 chambres4 chambres4 chambres3 chambres4 chambres,8,48.8406252,2.5076601
Le perreux-sur-marne (94170),72 chambres,2,48.8406252,2.5076601
Le plessis robinson (92350),"3 chambres,1 salle de bain,2 toilettes séparées3 chambres",2,48.7811049,2.2619632
Le plessis-trévise (94420),2,1,48.8091528,2.5732616
Le port-marly (78560),3 chambres,1,48.8809876,2.109145
Le pre-saint-gervais (93310),2 chambres1 chambre,2,48.8830565,2.4040111
Le thillay (95500),"5 chambres,1 salle de bain,1 salle d'eau",1,49.0053,2.46926
Les clayes sous bois (78340),"3 chambres,1 salle de bain,1 salle d'eau",1,48.8214478,1.9871825
Les lilas (93260),1 chambre4 chambres,2,48.8795658,2.415796
Les pavillons sous bois (93320),4 chambres,1,48.9082988,2.5034999
Les ulis (91940),"4 chambres,Type  cuisine : Cuisine séparée équipée4 chambres",2,48.681708,2.1701573
Leuville-sur-orge (91310),"4 chambres3 chambres,Type  cuisine : Cuisine équipée,1 salle d'eau3 chambres,Type  cuisine : Cuisine indépendante,1 salle de bain,1 salle d'eau4 chambres,Type  cuisine : Cuisine américaine,1 salle de bain,1 salle d'eau,Cheminée",4,48.6155573,2.2674029
Levallois perret (92300),2 chambres1 chambre2 chambres2 chambres2 chambres2 chambres4 chambres,8,48.892956,2.2881683
Levallois-perret (92300),1 chambre2 chambres,2,48.892956,2.2881683
Lieusaint (77127),"3 chambres,Type  cuisine : Cuisine séparée équipée",2,48.6316608,2.5514783
Limay (78520),"2 chambres,1 salle de bain4 chambres2 chambres1 chambre1 chambre",5,48.9921015,1.7353686
Limeil brevannes (94450),1 chambre2 chambres,2,48.7489857,2.4809129
Limours (91470),"6 chambres,Type  cuisine : Cuisine séparée équipée",1,48.6458221,2.0770987
Linas (91310),"3 chambres,Type  cuisine : Cuisine indépendante3 chambres,Type  cuisine : Cuisine indépendante3 chambres,1 salle d'eau3 chambres,Type  cuisine : Cuisine indépendante1 chambre",5,48.6306286,2.2701898
Livry gargan (93190),4 chambres6 chambres,2,48.917335,2.5298854
Livry-gargan (93190),"1 chambre,Type  cuisine : Cuisine indépendante1 chambre2 chambres",3,48.917335,2.5298854
Lizy sur ourcq (77440),4 chambres,1,49.0273072,3.0218144
Lommoye (78270),4 chambres,1,48.9937731,1.5107268
Longjumeau (91160),1 chambre4 chambres2 chambres2 chambres,4,48.6943793,2.2953297
Longuesse (95450),8,1,49.0625454,1.9314848
Longueville (77650),"3 chambres,Type  cuisine : Cuisine indépendante",1,50.7318957,1.8791461
Louvres (95380),3 chambres,1,49.0449139,2.5096751
Lumigny nesles ormeaux (77540),7 chambres,1,48.7247112,2.9642336
Magnanville (78200),3 chambres,1,48.9681039,1.6847431
Magny en vexin (95420),"3 chambres,1 salle d'eau",1,49.1554403,1.7864359
Magny les hameaux (78114),3 chambres,1,48.724051,2.0839562
Magny-en-vexin (95420),5 chambres2 chambres4 chambres,3,49.1554403,1.7864359
Magny-les-hameaux (78114),4 chambres,1,48.724051,2.0839562
Maisons alfort (94700),2 chambres2 chambres4 chambres,3,48.8012045,2.4309703
Maisons laffitte (78600),7 chambres,1,48.9461437,2.1450951
Maisons-alfort (94700),441 chambre,3,48.8012045,2.4309703
Malakoff (92240),4 chambres3 chambres4 chambres,3,48.8211559,2.3019814
Mantes la jolie (78200),"42 chambres,1 salle de bain2 chambres,1 salle de bain6 chambres,1 salle de bain,1 salle d'eau5 chambres1 chambre",6,48.9891971,1.7140683
Mantes la ville (78711),"3 chambres,1 salle d'eau2 chambres,1 salle d'eau1 chambre6 chambres",4,48.9748938,1.7109449
Mantes-la-jolie (78200),3 chambres2 chambres,3,48.9891971,1.7140683
Mantes-la-ville (78711),2 chambres3 chambres3 chambres2 chambres3 chambres,5,48.9748938,1.7109449
Marcoussis (91460),"5 chambres,2 salles de bain3 chambres",2,48.6427131,2.230811
Mareil marly (78750),3 chambres,1,48.8823232,2.0764516
Marines (95640),"4 chambres,1 salle d'eau",1,39.6755957,-0.5612995
Marly le roi (78160),4 chambres,1,48.8681762,2.0965935
Marly-la-ville (95670),"5 chambres,Type  cuisine : Cuisine séparée équipée",1,49.0823913,2.5034402
Marnes la coquette (92430),6 chambres,1,48.8293583,2.1756093
Marolles-en-brie (94440),"4 chambres,Type  cuisine : Cuisine indépendante",2,48.7761644,3.162953
Massy (91300),63 chambres2 chambres,3,49.6902106,1.399492
Maule (78580),"5 chambres3 chambres,1 salle d'eau1 chambre,1 salle d'eau3 chambres",4,-35.5972284,-71.48868
Maurepas (78310),6,1,49.9905624,2.8478956
Meaux (77100),"71234 chambres3 chambres3 chambres2 chambres1 chambre,1 salle de bain2 chambres5 chambres3 chambres",12,48.9582708,2.8773541
Melun (77000),3 chambres3 chambres1 chambre,4,48.539927,2.6608169
Mennecy (91540),"51 chambre,1 salle de bain",2,48.5666645,2.4347044
Menouville (95810),"3 chambres,2 salles de bain",1,49.1503612,2.1103519
Menucourt (95180),"3 chambres3 chambres,Type  cuisine : Cuisine indépendante",2,49.027615,1.9815885
Mery sur oise (95540),2 chambres,1,49.0634561,2.1836324
Mery-sur-oise (95540),1 chambre,1,49.0634561,2.1836324
Messy (77410),2 chambres,1,48.9664371,2.7002556
Meudon (92190),2 chambres1 chambre1 chambre,4,48.8126688,2.2385432
Meudon la foret (92360),3,1,48.7876528,2.2281028
Meulan en yvelines (78250),2 chambres,1,49.0049712,1.9100835
Mezieres sur seine (78970),5 chambres,1,48.9608736,1.7961756
Mezieres-sur-seine (78970),5 chambres,1,48.9608736,1.7961756
Mezy-sur-seine (78250),5 chambres,1,49.0004243,1.8802837
Milly-la-forêt (91490),"5 chambres,Type  cuisine : Cuisine séparée équipée",2,48.4028842,2.4702697
Mitry-mory (77290),"4 chambres,Type  cuisine : Cuisine américaine",1,48.9839674,2.6183971
Moisselles (95570),"3 chambres,1 salle de bain,1 salle d'eau",1,49.0477857,2.3367986
Moisson (78840),5 chambres,1,49.0737614,1.6685753
Moissy cramayel (77550),3,1,48.6272298,2.5937073
Moissy-cramayel (77550),12 chambres,2,48.6272298,2.5937073
Mondreville (77570),"4 chambres,Type  cuisine : Cuisine indépendante",1,48.1435271,2.6112647
Montdauphin (77320),0,1,48.851879,3.4279028
Montereau fault yonne (77130),"2 chambres,1 salle de bain,1 toilettes séparées",1,48.3849647,2.9557006
Montereau-fault-yonne (77130),"2 chambres,Cheminée2 chambres",3,48.3849647,2.9557006
Montevrain (77144),2 chambres,1,48.8741286,2.748344
Montfermeil (93370),5 chambres,1,48.8992679,2.5660399
Montgeron (91230),"3 chambres,Type  cuisine : Cuisine indépendante3 chambres",2,48.7038873,2.4605107
Montigny les cormeilles (95370),"3 chambres,1 salle de bain3 chambres",2,48.9959113,2.1989225
Montigny-lès-cormeilles (95370),2 chambres,1,48.9959113,2.1989225
Montigny-sur-loing (77690),5 chambres,1,48.3405032,2.757804
Montlhery (91310),1 chambre,1,48.6396904,2.2710952
Montlhéry (91310),"2 chambres,Type  cuisine : Cuisine séparée équipée5 chambres,Type  cuisine : Cuisine indépendante,1 salle de bain,1 salle d'eau2 chambres,Type  cuisine : Cuisine indépendante,1 salle de bain1 chambre,Type  cuisine : Cuisine indépendante,1 salle d'eau6 chambres,Type  cuisine : Cuisine équipée,2 salles de bain,Cheminée",5,48.6396904,2.2710952
Montmorency (95160),3 chambres1 chambre,2,48.9891693,2.3197111
Montreuil (93100),"332 chambres1 chambre,1 salle de bain1 chambre2 chambres4 chambres5 chambres1 chambre,1 salle de bain2 chambres1 chambre",12,50.4638918,1.7631125
Montrouge (92120),2 chambres2 chambres2 chambres1 chambre,4,48.8188544,2.3194375
Montry (77450),5 chambres,1,48.8875007,2.8282263
Morangis (91420),4 chambres3 chambres3 chambres,3,48.9778812,3.9198107
Moret-loing-et-orvanne (77250),2 chambres3 chambres,2,48.3730295,2.8159485
Morigny champigny (91150),2 chambres,1,48.4461337,2.1814129
Mormant (77720),4 chambres,1,48.6066366,2.8904431
Morsang sur orge (91390),2 chambres,1,48.6641415,2.3527728
Morsang-sur-orge (91390),4 chambres3 chambres,2,48.6641415,2.3527728
Mouroux (77120),3 chambres2 chambres,2,48.8213771,3.0375419
Mousseaux-lès-bray (77480),"48 chambres,Cheminée",1,48.4142146,3.2263368
Médan (78670),7,1,48.95275,1.99503
Nangis (77370),"5 chambres,Cheminée4 chambres",3,48.5549416,3.0136837
Nanterre (92000),"1 chambre2 chambres,1 salle de bain1 chambre",4,48.8924273,2.2071267
Nanteuil les meaux (77100),5 chambres,1,48.9306,2.89893
Neauphle le chateau (78640),3 chambres1 chambre,2,48.8111045,1.9038201
Neauphle-le-château (78640),4 chambres,1,48.8111045,1.9038201
Nemours (77140),"3 chambres2 chambres,Type  cuisine : Cuisine américaine,Cheminée4 chambres",3,48.268026,2.6953079
Neuilly plaisance (93360),41 chambre,2,48.8608712,2.5060144
Neuilly sur seine (92200),1 chambre,1,48.884683,2.2695658
Neuilly-sur-marne (93330),22 chambres2 chambres,3,48.8565557,2.5290045
Neuilly-sur-seine (92200),1 chambre,1,48.884683,2.2695658
Nezel (78410),7 chambres,1,48.9450665,1.8360467
Nogent-sur-marne (94130),0,1,48.8387639,2.4916592
Noisiel (77186),3 chambres,1,48.8457347,2.6200032
Noisy le grand (93160),4 chambres4 chambres4 chambres2 chambres2 chambres1 chambre1 chambre2 chambres4 chambres1 chambre,10,48.8492238,2.5524906
Noisy le roi (78590),2 chambres,1,48.8439572,2.0645422
Noisy le sec (93130),4 chambres,1,48.8897751,2.4516055
Noisy-le-grand (93160),2 chambres,1,48.8492238,2.5524906
Nozay (91620),3 chambres,1,48.5085,4.09529
Ollainville (91340),4 chambres,1,48.2677463,5.8062324
Orcemont (78125),"5 chambres,1 salle de bain",1,48.5878617,1.8104848
Orgerus (78910),5,1,48.8359981,1.6966434
Orly (94310),2 chambres3 chambres4 chambres,3,48.7431683,2.402391
Orsay (91400),7,1,48.699184,2.187457
Osny (95520),"1 chambre,Type  cuisine : Cuisine séparée équipée,1 salle d'eau4 chambres",3,49.0660487,2.0614598
Othis (77280),7,1,49.0779972,2.6705562
Ozoir la ferriere (77330),4 chambres2 chambres,2,48.7620904,2.6719421
Ozoir-la-ferriere (77330),3 chambres,1,48.7620904,2.6719421
Ozoir-la-ferrière (77330),"23 chambres,Type  cuisine : Cuisine américaine2 chambres",3,48.7620904,2.6719421
Palaiseau (91120),3 chambres4 chambres,3,48.7144587,2.2453842
Pantin (93500),"1 chambre,1 salle de bain1 chambre1 chambre,1 salle d'eau3 chambres1 chambre",5,48.8965023,2.4019804
Paray-vieille-poste (91550),3 chambres,1,48.7126093,2.3637838
Paris 10 (75010),"323 chambres,Cheminée2 chambres,Cheminée",7,20.8667086,106.6685984
Paris 11 (75011),"12232 chambres1 chambre,1 salle de bain1 chambre2 chambres1 chambre1 chambre",10,20.8671859,106.6686812
Paris 12 (75012),"3 chambres2 chambres,Type  cuisine : Cuisine américaine3 chambres,Type  cuisine : Cuisine séparée équipée2 chambres,Type  cuisine : Cuisine indépendante2 chambres1 chambre2 chambres",7,20.8676659,106.6687647
Paris 13 (75013),1 chambre1 chambre1 chambre2 chambres1 chambre,7,48.8196076,2.3644444
Paris 14 (75014),"1 chambre2 chambres,1 salle de bain1 chambre",9,20.8681529,106.6687897
Paris 15 (75015),"1 chambre1 chambre1 chambreType  cuisine : Cuisine indépendante1 chambre,1 salle de bain1 chambre1 chambre,Type  cuisine : Cuisine séparée équipée,1 salle d'eau1 chambre1 chambre1 chambre",13,20.8685993,106.6691024
Paris 16 (75016),"3 chambres2 chambres,1 salle de bainType  cuisine : Cuisine séparée équipéeType  cuisine : Coin Cuisine1 chambre2 chambres,1 salle d'eau1 chambre2 chambres,1 salle de bain1 chambre,1 salle de bain1 salle d'eau4 chambres",14,20.8689235,106.6687685
Paris 17 (75017),"2 chambres1 chambre,Type  cuisine : Cuisine américaine1 chambre1 chambre1 chambre1 salle de bain1 chambre,1 salle de bain1 chambre2 chambres",16,20.8649607,106.666383
Paris 18 (75018),32 chambres1 chambre1 chambre1 chambre1 chambre2 chambres2 chambres2 chambres1 chambre1 chambre1 chambre1 chambre,16,20.8658976,106.6672291
Paris 19 (75019),31 chambre1 chambre1 chambre1 chambre1 chambre1 chambre1 chambre1 chambre1 chambre2 chambres,13,20.8655127,106.6671312
Paris 2 (75002),0,1,20.8628625,106.6684404
Paris 20 (75020),"214 chambres,Type  cuisine : Cuisine américaine1 chambre2 chambres2 chambres3 chambres3 chambres4 chambres4 chambres3 chambres2 chambres1 chambre,1 salle de bain1 chambre,1 salle d'eau1 chambre3 chambres1 chambre4 chambres,Séjour séparé : Non,Salle à manger : Non,2 chambres,1 salle de bain,1 salle d'eau,1 WC,1 placard1 chambre3 chambres",23,20.86512,106.6669129
Paris 3 (75003),"32 chambres,2 salles de bain",2,20.8633472,106.6684398
Paris 4 (75004),1 chambre1 chambre,2,20.8638112,106.6687088
Paris 5 (75005),0,2,20.8642942,106.6687087
Paris 6 (75006),1 chambre,2,20.8647818,106.6687119
Paris 7 (75007),1 chambre,2,20.8652511,106.6687179
Paris 8 (75008),"1 chambre2 chambres,Type  cuisine : Cuisine indépendante4 chambres1 chambre",4,20.8657351,106.6687191
Paris 9 (75009),11 salle d'eau1 chambre3 chambres,5,20.8662122,106.6687233
Parmain (95620),"5 chambres,1 salle de bain,1 salle d'eau5 chambres,1 salle de bain,1 salle d'eau9 chambres7 chambres,1 salle de bain,2 salles d'eau",5,49.1142087,2.2090453
Pierrefitte sur seine (93380),1 chambre,1,48.9604165,2.3630609
Pierrefitte-sur-seine (93380),2,1,48.9604165,2.3630609
Pierrelaye (95480),3 chambres,1,49.0232238,2.1557343
Plaisir (78370),3 chambres3 chambres2 chambres,3,48.817399,1.9476363
Poigny la foret (78125),"5 chambres,2 salles de bain,1 salle d'eau",1,48.6758342,1.752986
Poincy (77470),3 chambres,1,48.9692581,2.9349893
Poissy (78300),32 chambres,2,48.9274192,2.0426301
Pommeuse (77515),2 chambres3 chambres2 chambres,3,48.8163232,3.0153334
Pontault combault (77340),4 chambres3 chambres,2,48.8009132,2.6068064
Pontcarre (77135),4 chambres,1,48.797361,2.7045344
Pontoise (95000),4,1,49.0508845,2.1008067
Pontoise (95300),"2 chambres,Type  cuisine : Cuisine indépendante6 chambres5 chambres2 chambres,1 salle de bain2 chambres3 chambres",6,49.0508845,2.1008067
Precy-sur-marne (77410),2 chambres,1,48.9308622,2.7746364
Presles (95590),"3 chambres,2 salles d'eau2 chambres",2,45.0913483,5.3825963
Provins (77160),"55 chambres5 chambres,Type  cuisine : Coin Cuisine",3,48.5602959,3.2988089
Puiseux en france (95380),4 chambres,1,49.0597512,2.5009544
Puteaux (92800),"1 chambre2 chambres1 chambre,1 salle d'eau1 chambre,Type  cuisine : Cuisine américaine,1 salle d'eau1 chambre3 chambres4 chambres",9,48.8841522,2.2368863
Quiers (77720),"3 chambres,Type  cuisine : Cuisine séparée équipée",1,48.6081703,2.971221
Quincy-sous-sénart (91480),5 chambres,1,48.6712928,2.5405195
Quincy-voisins (77860),"2 chambres,Type  cuisine : Cuisine équipée,1 salle d'eau",1,48.8997,2.87886
Rambouillet (78120),"3 chambres,Type  cuisine : Cuisine indépendante4 chambres,1 salle de bain2 chambres",3,48.6452851,1.819207
Rebais (77510),2 chambres7 chambres,2,48.8483896,3.232178
Richebourg (78550),4 chambres,1,50.5792526,2.7399295
Ris orangis (91130),2 chambres3 chambres,2,48.6538754,2.4151151
Ris-orangis (91130),"3 chambres3 chambres,1 salle de bain3 chambres",3,48.6538754,2.4151151
Rocquencourt (78150),3 chambres,1,49.6502698,2.4172616
Roissy en brie (77680),2 chambres4 chambres,2,48.7903787,2.6545195
Roissy-en-brie (77680),5,1,48.7903787,2.6545195
Romainville (93230),"3 chambres,1 salle de bain,1 salle d'eau1 chambre1 salle de bain",3,48.8852958,2.4358326
Rosny sous bois (93110),"2 chambres,1 salle d'eau1 chambre",2,48.8716626,2.4875193
Rueil malmaison (92500),5 chambres5 chambres5 chambres5 chambres5 chambres5 chambres5 chambres5 chambres5 chambres5 chambres2 chambres4 chambres,12,48.87778,2.1802832
Rueil-malmaison (92500),1 chambre2 chambres,2,48.87778,2.1802832
Saint cheron (91530),1221 chambre,4,48.6362731,4.5600716
Saint cloud (92210),1 chambre1 chambre,2,48.8437412,2.219344
Saint denis (93200),"3 chambres2 chambres2 chambres2 chambres1 chambre3 chambres,Type  cuisine : Cuisine séparée équipée,2 salles de bain1 chambre",7,48.9383732,2.3627508
Saint germain en laye (78100),2 chambres4 chambres3 chambres2 chambres2 chambres5 chambres5 chambres,7,48.8990413,2.0942792
Saint germain en laye (78112),4 chambres2 chambres,2,48.8990413,2.0942792
Saint germain les corbeil (91250),4 chambres4 chambres5 chambres5 chambres,4,48.6261053,2.4913639
Saint germain lès arpajon (91180),"1 chambre,Type  cuisine : Cuisine indépendante",1,48.5948294,2.2557107
Saint leger en yvelines (78610),3 chambres,1,48.7226014,1.7637028
Saint mard (77230),3 chambres,1,49.3863,3.5828
Saint martin en biere (77630),"6 chambres,Type  cuisine : Cuisine américaine,Cheminée",1,48.4365165,2.568725
Saint martin la garenne (78520),4 chambres,1,49.041194,1.690471
Saint maur des fosses (94100),3 chambres3 chambres1 chambre,3,48.8033057,2.4853015
Saint michel sur orge (91240),3 chambres,1,48.6302735,2.3027478
Saint nom la breteche (78860),3 chambres,1,48.8641009,2.0205241
Saint ouen l aumone (95310),3 chambres,1,49.0992941,2.1513279
Saint ouen sur seine (93400),2 chambres2 chambres2 chambres3 chambres,4,48.911729,2.334267
Saint pierre du perray (91280),1 chambre,1,48.6137867,2.505381
Saint soupplets (77165),2 chambres,1,49.038354,2.8062379
Saint vrain (91770),2 chambres5 chambres,2,48.69421,4.80309
Saint-arnoult-en-yvelines (78730),6 chambres,1,48.572604,1.9350788
Saint-barthélemy (77320),"Séjour séparé : Oui,Salle à manger : Oui,5 chambres,1 bureau,2 salles de bain,2 salles d'eau,3 WC3 chambres,Type  cuisine : Cuisine américaine",2,17.9036287,-62.8115292
Saint-brice (77160),3 chambres,1,48.6981206,-1.3080672
Saint-brice-sous-forêt (95350),"5 chambres,Type  cuisine : Cuisine séparée équipée",1,48.9973824,2.3568948
Saint-cyr-l'ecole (78210),3 chambres,1,48.799708,2.0672138
Saint-cyr-sur-morin (77750),"4 chambres,1 salle de bain",1,48.9065089,3.1841155
Saint-denis (93200),1 chambre1 chambre4 chambres1 chambre,4,48.9383732,2.3627508
Saint-fargeau-ponthierry (77310),"2 chambres3 chambres,Cheminée",3,48.5361215,2.5273471
Saint-germain-en-laye (78100),42 chambres4 chambres3 chambres3 chambres,5,48.8990413,2.0942792
Saint-germain-lès-arpajon (91180),0,1,48.5948294,2.2557107
Saint-germain-lès-corbeil (91250),"1 chambre,Type  cuisine : Cuisine américaine",1,48.6261053,2.4913639
Saint-mandé (94160),"1 chambre,Type  cuisine : Cuisine équipée,1 salle d'eau",1,48.8432434,2.4159739
Saint-martin-la-garenne (78520),"4 chambres,Type  cuisine : Cuisine américaine",1,49.041194,1.690471
Saint-maur-des-fossÉs (94100),"1 chambre,Type  cuisine : Cuisine indépendante",1,48.8033057,2.4853015
Saint-maur-des-fossés (94100),"6 chambres,Cheminée2 chambres3 chambres,Type  cuisine : Cuisine américaine1 chambre2 chambres,Type  cuisine : Cuisine indépendante1 chambre",6,48.8033057,2.4853015
Saint-maur-des-fossés (94210),13 chambres,2,48.8033057,2.4853015
Saint-michel-sur-orge (91240),72 chambres,2,48.6302735,2.3027478
Saint-pathus (77178),"5 chambres,Type  cuisine : Cuisine séparée équipée",1,49.0745,2.79415
Saint-pierre-lès-nemours (77140),"652 chambres,1 salle d'eau",3,48.2637127,2.6870183
Saint-remy-les-chevreuse (78470),4 chambres,1,48.7054888,2.071109
Saint-thibault-des-vignes (77400),0,1,48.8683837,2.6877273
Sainte genevieve des bois (91700),4 chambres2 chambres,2,48.6407872,2.3259129
Sainte-geneviève-des-bois (91700),"64 chambres,Type  cuisine : Cuisine américaine3 chambres,Type  cuisine : Cuisine indépendante,Cheminée5 chambres3 chambres,1 salle de bain",5,48.6407872,2.3259129
Saintry sur seine (91250),4 chambres,1,48.5926056,2.4963163
Samoreau (77210),4 chambres,1,48.4255477,2.7560769
Sannois (95110),"4 chambres,Type  cuisine : Cuisine séparée équipée2 chambres3 chambres2 chambres3 chambres",5,48.9717267,2.2568296
Santeny (94440),5 chambres,1,48.7256873,2.5701017
Sarcelles (95200),"3 chambres3 chambres,3 salles de bain",2,48.9960813,2.3796245
Sartrouville (78500),"1 chambre,Type  cuisine : Cuisine américaine4 chambres,Type  cuisine : Cuisine équipée",2,48.9409016,2.1585037
Saulx-les-chartreux (91160),3 chambres,1,48.6919585,2.2664925
Savigny sur orge (91600),1 chambre1 chambre,2,48.6794572,2.3458417
Savigny-le-temple (77176),0,1,48.5958681,2.5798953
Savigny-sur-orge (91600),33 chambres,2,48.6794572,2.3458417
Saâcy-sur-marne (77730),2 chambres2 chambres,2,48.9612712,3.2082243
Sceaux (92330),2 chambres,3,47.5147285,4.0218449
Serris (77700),"1 chambre3 chambres,Type  cuisine : Cuisine équipée1 chambre3 chambres",4,48.8567,2.7855615
Servon (77170),2 chambres,1,48.6006852,-1.419401
Sevran (93270),4 chambres3 chambres,2,48.937634,2.5298164
Sevres (92310),2 chambres2 chambres2 chambres,3,48.8247407,2.2127083
Soisy sous montmorency (95230),"3 chambres4 chambres,1 salle de bain,1 salle d'eau3 chambres",3,48.9875044,2.3002885
Soisy-sous-montmorency (95230),72 chambres,2,48.9875044,2.3002885
Sonchamp (78120),2 chambres,1,48.5758959,1.8784145
Souppes-sur-loing (77460),"3 chambres,1 salle de bain",1,48.1868057,2.7426674
St prix (95390),"4 chambres,3 salles d'eau",1,46.9553018,4.0730519
Stains (93240),2 chambres,1,48.9565669,2.3825154
Sucy en brie (94370),3 chambres,1,48.7711323,2.5221284
Sucy-en-brie (94370),"3 chambres,Cheminée1 chambre,Type  cuisine : Coin Cuisine1 chambre,1 salle de bain",4,48.7711323,2.5221284
Suresnes (92150),"2433 chambres,Type  cuisine : Cuisine américaine4 chambres,2 salles de bain,Cheminée1 chambre,1 salle d'eau",6,48.8709053,2.2255727
Sèvres (92310),2 chambres,1,48.8247407,2.2127083
Taverny (95150),"4 chambres,Type  cuisine : Cuisine indépendante3 chambres3 chambres,1 salle de bain,1 salle d'eau",3,49.0265888,2.2234971
Thiais (94320),"2 chambres,Type  cuisine : Cuisine équipée3 chambres",2,48.7643664,2.391024
Thorigny-sur-marne (77400),2 chambres,1,48.8841856,2.7115737
Toussus-le-noble (78117),"5 chambres,3 salles de bain",1,48.7451558,2.1145179
Trappes (78190),"2 chambres3 chambres,1 salle de bain",2,48.7760957,1.9988356
Tremblay-en-france (93290),1,1,48.9802035,2.5589558
Triel sur seine (78510),"4 chambres,1 salle de bain,1 salle d'eau",1,48.980925,2.0030818
Trilport (77470),65 chambres3 chambres,3,48.9585984,2.9471072
Vaires sur marne (77360),2 chambres,1,48.8733776,2.6396951
Valence-en-brie (77830),2 chambres,1,48.4437138,2.8875679
Valenton (94460),"3 chambres,1 salle de bain3 chambres",2,48.7443189,2.4699741
Valmondois (95760),"3 chambres,1 salle de bain",1,49.0967512,2.1889394
Vanves (92170),2 chambres2 chambres,2,48.8212037,2.289259
Varreddes (77910),"5 chambres,Cheminée",1,49.0039932,2.9269447
Vaucresson (92420),"1 chambre,Cheminée6 chambres3 chambres",3,48.8392676,2.1575981
Vaujours (93410),4 chambres3 chambres,2,48.9302563,2.5691921
Vaureal (95490),1 salle d'eau,1,49.1279436,1.764111
Vaux le penil (77000),4,1,48.5255542,2.6831642
Velizy villacoublay (78140),0,1,48.7809496,2.1900052
Verneuil-sur-seine (78480),3 chambres,1,48.9792052,1.9756367
Vernou la celle sur seine (77670),3 chambres,1,48.4057678,2.8487967
Verrières-le-buisson (91370),3 chambres,2,48.7467819,2.2653844
Versailles (78000),"4 chambres,Type  cuisine : Cuisine séparée équipée1 chambre2 chambres5 chambres2 chambres2 chambres3 chambres2 chambres",9,48.8035403,2.1266886
Vert le grand (91810),4 chambres,1,48.5740125,2.3593984
Vert saint denis (77240),5 chambres,1,48.5671024,2.6252499
Vetheuil (95510),3 chambres,1,49.06325,1.70278
Viarmes (95270),"4 chambres,1 salle de bain,1 salle d'eau2 chambres,1 salle d'eau3 chambres3 chambres2 chambres2 chambres",6,49.125863,2.3693685
Vigneux sur seine (91270),1 chambre,1,48.6998552,2.4172117
Ville-saint-jacques (77130),4 chambres,1,48.3427827,2.8948915
Villecerf (77250),6,1,48.3273968,2.8491587
Villecresnes (94440),4 chambres3 chambres,2,48.7208822,2.5327265
Villejuif (94800),"4 chambres1 chambre2 chambres3 chambres,1 salle de bain",4,48.7921098,2.3633048
Villemaréchal (77710),5 chambres,1,48.2674431,2.869072
Villemoisson-sur-orge (91360),3 chambres1 chambre,2,48.6612042,2.3322424
Villemomble (93250),"1 chambre,1 salle d'eau",1,48.881886,2.5076181
Villeneuve la garenne (92390),4 chambres3 chambres3 chambres2 chambres2 chambres1 chambre1 chambre,7,48.9350488,2.3324727
Villeneuve le roi (94290),"2 chambres,1 salle de bain,2 toilettes séparées2 chambres,2 toilettes séparées",2,48.7350308,2.4077003
Villeneuve saint georges (94190),"3 chambres,1 salle de bain,1 salle d'eau",1,48.7305272,2.44782
Villeneuve st georges (94190),2 chambres2 chambres,2,48.7305272,2.44782
Villeneuve-la-garenne (92390),"4 chambres,Type  cuisine : Cuisine américaine,2 salles de bain,1 niveau,Cheminée,Bureau",1,48.9350488,2.3324727
Villeneuve-le-comte (77174),6 chambres,1,48.8137607,2.8298314
Villeneuve-le-roi (94290),3 chambres2 chambres3 chambres,3,48.7350308,2.4077003
Villeneuve-saint-georges (94190),"3 chambres3 chambres3 chambres,1 salle de bain",3,48.7305272,2.44782
Villennes-sur-seine (78670),7,1,48.9404491,1.9987648
Villenoy (77124),1,1,48.9412182,2.8596553
Villeparisis (77270),"1 chambre,Type  cuisine : Cuisine américaine5 chambres5 chambres",3,48.939344,2.6176193
Villepinte (93420),4 chambres,1,43.2814917,2.0855714
Villepreux (78450),3 chambres,1,48.8323013,2.007049
Villetaneuse (93430),3 chambres,1,48.9611722,2.3439698
Villette (78930),85 chambres,2,49.4738717,5.5467198
Villevaude (77410),3 chambres,1,48.9160534,2.6546216
Villiers sur marne (94350),3 chambres,1,48.8262055,2.5406696
Villiers-le-bel (95400),"1 chambre,Type  cuisine : Cuisine américaine,-1 salle d'eau",1,49.0074999,2.3880847
Villiers-saint-georges (77560),2 chambres,1,48.6499714,3.406422
Villiers-sur-marne (94350),"2 chambres,Type  cuisine : Cuisine indépendante",1,48.8262055,2.5406696
Vimpelles (77520),"4 chambres,1 salle de bain,1 salle d'eau,Cheminée",1,48.4398778,3.1660844
Vincennes (94300),1 chambre1 chambre1 chambre,3,48.8474508,2.4396714
Viry chatillon (91170),3 chambres3 chambres,2,48.6708729,2.3750351
Viry-chatillon (91170),2 chambres,1,48.6708729,2.3750351
Vitry sur seine (94400),3 chambres1 chambre3 chambres1 chambre4 chambres,5,48.7876,2.39164
Vitry-sur-seine (94400),"3 chambres,Type  cuisine : Cuisine séparée équipée3 chambres,1 salle de bain2 chambres2 chambres,1 salle de bain2 chambres,1 salle de bain",5,48.7876,2.39164
Voisins le bretonneux (78960),4 chambres,1,48.7586786,2.0509674
Voisins-le-bretonneux (78960),6,1,48.7586786,2.0509674
Vélizy-villacoublay (78140),2 chambres3 chambres,2,48.7809496,2.1900052
Vémars (95470),5,1,49.0672657,2.5659272
Yerres (91330),"82 chambres1 chambre3 chambres,Type  cuisine : Cuisine séparée équipée",4,48.716811,2.4879753
Égly (91520),2,1,48.5776619,2.2218373
Égreville (77620),"4 chambres3 chambres,1 salle de bain",2,48.1758188,2.8738344
Épône (78680),3 chambres,1,48.9573716,1.8126696
Étiolles (91450),6 chambres4 chambres,2,48.6380667,2.4775273
Étréchy (91580),5,1,48.885541,3.9446163
Évry (91000),3 chambres3 chambres,2,48.6241665,2.4289667
Évry-grégy-sur-yerre (77166),3 chambres,1,48.6531177,2.6380188
